<?xml version="1.0" encoding="UTF-8"?>
<CompileSettings Template="Yes">
    <FormatSettings>
        <Format ID="comic-script">
            <Font>Courier</Font>
            <SectionLayouts>
                <Type ID="BA170F25-D3D8-4FCC-9084-0F97248ACC09">TEXT-SECTION</Type>
                <Type ID="89A8B3FF-BF03-46E5-A61B-031D249007A3">TEXT-SECTION</Type>
                <Type ID="FFE46078-8D05-4A74-A640-104655197CF8">6A7D1337-34BD-4F1D-8EC3-0E6DBA2E7DAE</Type>
            </SectionLayouts>
            <FrontAndBackMatter>
                <DefaultFrontMatter Add="Yes">709B869A-79EB-4ABA-BEEB-E6E7B85ADBDE</DefaultFrontMatter>
            </FrontAndBackMatter>
        </Format>
    </FormatSettings>
    <CurrentFileType>Print</CurrentFileType>
    <LastUsedFormats>
        <Print>comic-script</Print>
        <epub3>DEFAULT</epub3>
        <rtf>comic-script</rtf>
    </LastUsedFormats>
</CompileSettings>