<?xml version="1.0" encoding="UTF-8" standalone="no"?>
<ProjectPreferences Version="1.0">
    <UseProjectPreferences>No</UseProjectPreferences>
    <TextFormatRTFData><![CDATA[{\rtf1\ansi\ansicpg1252\cocoartf1404\cocoasubrtf340
{\fonttbl\f0\froman\fcharset0 TimesNewRomanPSMT;}
{\colortbl;\red255\green255\blue255;}
\pard\tx720\fi720\sl360\slmult1\pardirnatural\partightenfactor0

\f0\fs24 \cf0 Attributes}]]></TextFormatRTFData>
    <UseCustomFootnotesFont>No</UseCustomFootnotesFont>
    <FootnotesFont Size="10.0">TimesNewRomanPSMT</FootnotesFont>
    <FootnoteMarker UseMarker="No">*</FootnoteMarker>
</ProjectPreferences>