<?xml version="1.0" encoding="UTF-8" standalone="no"?>
<ScrivenerScriptFormat Version="1.0">
    <Name>Comic Book (Antony Johnston)</Name>
    <Units>Inches</Units>
    <ScriptElements>
        <Element>
            <Title>Panel number</Title>
            <KeyEquivalent>1</KeyEquivalent>
            <CharacterFormat>
                <Font Size="12.0">CourierPrime</Font>
                <UnderlineStyle>Single</UnderlineStyle>
                <AllCaps>Yes</AllCaps>
            </CharacterFormat>
            <ParagraphFormat>
                <Alignment>Left</Alignment>
                <Spacing>1.0</Spacing>
                <SpaceBefore>1</SpaceBefore>
                <FirstLineIndent>0.0</FirstLineIndent>
                <Indent>0.0</Indent>
                <TailIndent>6.5</TailIndent>
                <FirstTab>0.0</FirstTab>
            </ParagraphFormat>
            <NextElement>Panel description</NextElement>
            <NextElementOnEmptyLineTab>Panel number</NextElementOnEmptyLineTab>
            <NextElementOnTabAfterTyping>Panel description</NextElementOnTabAfterTyping>
            <TextToInsertOnTab>( &lt;$sn&gt;)</TextToInsertOnTab>
            <AutoCompleteList>
                <Completions>
                    <Completion NewLineAfter="Yes">PANEL &lt;$SN&gt;</Completion>
                    <Completion NewLineAfter="Yes">PANEL 1</Completion>
                    <Completion NewLineAfter="Yes">PANEL 2</Completion>
                    <Completion NewLineAfter="Yes">PANEL 3</Completion>
                    <Completion NewLineAfter="Yes">PANEL 4</Completion>
                    <Completion NewLineAfter="Yes">PANEL 5</Completion>
                    <Completion NewLineAfter="Yes">PANEL 6</Completion>
                    <Completion NewLineAfter="Yes">PANEL 7</Completion>
                    <Completion NewLineAfter="Yes">PANEL 8</Completion>
                    <Completion NewLineAfter="Yes">PANEL 9</Completion>
                </Completions>
            </AutoCompleteList>
        </Element>
        <Element>
            <Title>Panel description</Title>
            <KeyEquivalent>2</KeyEquivalent>
            <CharacterFormat>
                <Font Size="12.0">CourierPrime</Font>
                <UnderlineStyle>None</UnderlineStyle>
            </CharacterFormat>
            <ParagraphFormat>
                <Alignment>Left</Alignment>
                <Spacing>1.0</Spacing>
                <SpaceBefore>1</SpaceBefore>
                <FirstLineIndent>0.0</FirstLineIndent>
                <Indent>0.0</Indent>
                <TailIndent>6.5</TailIndent>
                <FirstTab>0.0</FirstTab>
            </ParagraphFormat>
            <NextElement>Panel description</NextElement>
            <NextElementOnEmptyLineTab>Character</NextElementOnEmptyLineTab>
            <NextElementOnTabAfterTyping>Character</NextElementOnTabAfterTyping>
            <AutoCompleteList></AutoCompleteList>
        </Element>
        <Element>
            <Title>Character</Title>
            <KeyEquivalent>3</KeyEquivalent>
            <CharacterFormat>
                <Font Size="12.0">CourierPrime</Font>
                <UnderlineStyle>None</UnderlineStyle>
                <AllCaps>Yes</AllCaps>
            </CharacterFormat>
            <ParagraphFormat>
                <KeepWithNext>Yes</KeepWithNext>
                <Alignment>Left</Alignment>
                <Spacing>1.0</Spacing>
                <SpaceBefore>1</SpaceBefore>
                <FirstLineIndent>2.5</FirstLineIndent>
                <Indent>2.5</Indent>
                <TailIndent>6.25</TailIndent>
                <FirstTab>0.0</FirstTab>
            </ParagraphFormat>
            <NextElement>Dialogue</NextElement>
            <NextElementOnEmptyLineTab>Character</NextElementOnEmptyLineTab>
            <NextElementOnTabAfterTyping>Panel number</NextElementOnTabAfterTyping>
            <TextToInsertOnTab>( ()</TextToInsertOnTab>
            <AutoCompleteList>
                <Completions>
                    <Completion NewLineAfter="Yes">NO DIALOGUE</Completion>
                    <Completion NewLineAfter="Yes">(OFF)</Completion>
                    <Completion NewLineAfter="Yes">(LARGE)</Completion>
                    <Completion NewLineAfter="Yes">(SMALL)</Completion>
                    <Completion NewLineAfter="Yes">(NO TAIL)</Completion>
                    <Completion NewLineAfter="Yes">(JAGGED)</Completion>
                    <Completion NewLineAfter="Yes">(THOUGHT)</Completion>
                    <Completion NewLineAfter="Yes">SFX</Completion>
                    <Completion NewLineAfter="Yes">BALLOON</Completion>
                    <Completion NewLineAfter="Yes">VOICE OFF</Completion>
                    <Completion NewLineAfter="Yes">CAPTION</Completion>
                    <Completion NewLineAfter="Yes">FROM PHONE</Completion>
                    <Completion NewLineAfter="Yes">FLOATING TEXT</Completion>
                    <Completion NewLineAfter="Yes">LOCATION</Completion>
                </Completions>
                <AppendProjectAutoCompleteList>Yes</AppendProjectAutoCompleteList>
                <ProjectListAutoCompleteBehavior>GoToNextLine</ProjectListAutoCompleteBehavior>
                <AutomaticallyAddPhrasesToProjectList>Yes</AutomaticallyAddPhrasesToProjectList>
                <PhraseEndDelimiter>(()</PhraseEndDelimiter>
            </AutoCompleteList>
        </Element>
        <Element>
            <Title>Dialogue</Title>
            <KeyEquivalent>4</KeyEquivalent>
            <CharacterFormat>
                <Font Size="12.0">CourierPrime</Font>
                <UnderlineStyle>None</UnderlineStyle>
            </CharacterFormat>
            <ParagraphFormat>
                <Alignment>Left</Alignment>
                <Spacing>1.0</Spacing>
                <SpaceBefore>0</SpaceBefore>
                <FirstLineIndent>1.5</FirstLineIndent>
                <Indent>1.5</Indent>
                <TailIndent>5.5</TailIndent>
                <FirstTab>0.0</FirstTab>
            </ParagraphFormat>
            <NextElement>Panel description</NextElement>
            <NextElementOnEmptyLineTab>Parenthetical</NextElementOnEmptyLineTab>
            <NextElementOnTabAfterTyping>Parenthetical</NextElementOnTabAfterTyping>
            <AutoCompleteList></AutoCompleteList>
        </Element>
        <Element>
            <Title>Parenthetical</Title>
            <KeyEquivalent>5</KeyEquivalent>
            <CharacterFormat>
                <Font Size="12.0">CourierPrime</Font>
                <UnderlineStyle>None</UnderlineStyle>
            </CharacterFormat>
            <ParagraphFormat>
                <Parenthetical>Yes</Parenthetical>
                <Alignment>Left</Alignment>
                <Spacing>1.0</Spacing>
                <SpaceBefore>0</SpaceBefore>
                <FirstLineIndent>0.875</FirstLineIndent>
                <Indent>0.875</Indent>
                <TailIndent>4.5</TailIndent>
                <FirstTab>0.0</FirstTab>
            </ParagraphFormat>
            <NextElement>Dialogue</NextElement>
            <NextElementOnEmptyLineTab>Dialogue</NextElementOnEmptyLineTab>
            <NextElementOnTabAfterTyping>Dialogue</NextElementOnTabAfterTyping>
            <AutoCompleteList>
                <Completions>
                    <Completion NewLineAfter="Yes">cont</Completion>
                    <Completion NewLineAfter="Yes">large</Completion>
                    <Completion NewLineAfter="Yes">small</Completion>
                </Completions>
            </AutoCompleteList>
        </Element>
        <Element>
            <Title>Page Number</Title>
            <KeyEquivalent>6</KeyEquivalent>
            <CharacterFormat>
                <Font Size="18.0">CourierPrime</Font>
                <Bold>Yes</Bold>
                <UnderlineStyle>Single</UnderlineStyle>
                <AllCaps>Yes</AllCaps>
            </CharacterFormat>
            <ParagraphFormat>
                <Alignment>Left</Alignment>
                <Spacing>1.0</Spacing>
                <SpaceBefore>1</SpaceBefore>
                <FirstLineIndent>0.0</FirstLineIndent>
                <Indent>0.0</Indent>
                <TailIndent>6.5</TailIndent>
                <FirstTab>0.0</FirstTab>
                <WritingDirection>LeftToRight</WritingDirection>
            </ParagraphFormat>
            <NextElement>Panel number</NextElement>
            <NextElementOnEmptyLineTab>Page Number</NextElementOnEmptyLineTab>
            <NextElementOnTabAfterTyping>Panel number</NextElementOnTabAfterTyping>
            <TextToInsertOnTab>( &lt;$N&gt;)</TextToInsertOnTab>
            <AutoCompleteList>
                <Completions>
                    <Completion NewLineAfter="Yes">PAGE &lt;$N&gt;</Completion>
                </Completions>
            </AutoCompleteList>
        </Element>
    </ScriptElements>
</ScrivenerScriptFormat>