<?xml version="1.0" encoding="UTF-8"?>
<UIStates>
    <Binder Show="Yes">
        <ShowCollections>No</ShowCollections>
        <SelectedCollection>0</SelectedCollection>
        <SubdocumentCounts>No</SubdocumentCounts>
        <ExpandedItems>
            <ItemID>66ABEC52-C093-4616-BC96-D96E0CB0F877</ItemID>
            <ItemID>7E7AED90-696A-40E3-9733-765F93DBA763</ItemID>
            <ItemID>419CF94C-49B3-4C62-8A42-7E6731652F8A</ItemID>
        </ExpandedItems>
        <Selection>
            <ItemID>70556A23-976F-41C5-91A9-26E764E24172</ItemID>
        </Selection>
    </Binder>
    <Inspector Show="No" View="MetaData">
        <ShowProjectBookmarks>No</ShowProjectBookmarks>
        <Collapse>CustomMetaData</Collapse>
        <FootnoteNumbers Prompt="No">No</FootnoteNumbers>
    </Inspector>
    <Split>None</Split>
    <BinderAffects>Current</BinderAffects>
    <Labels>
        <Binder FullWidth="No">No</Binder>
        <Icons>Yes</Icons>
        <IndexCards>Yes</IndexCards>
        <OutlinerRows>No</OutlinerRows>
        <ScriveningsTitles>No</ScriveningsTitles>
    </Labels>
    <Corkboards>
        <LabelIndicators>Yes</LabelIndicators>
        <Stamps>No</Stamps>
        <Keywords>No</Keywords>
        <Numbers Restart="No">No</Numbers>
        <SnapToGrid>No</SnapToGrid>
        <BlankCardsAGhosts>No</BlankCardsAGhosts>
    </Corkboards>
    <Text>
        <ShowFormatBar>Yes</ShowFormatBar>
        <UseVerticalLayout>No</UseVerticalLayout>
        <ShowScriveningsTitles>No</ShowScriveningsTitles>
        <ShowInvisibles>No</ShowInvisibles>
        <RevisionMode>0</RevisionMode>
        <TextChecking>
            <Spelling>No</Spelling>
            <Grammar>No</Grammar>
            <SmartQuotes>Yes</SmartQuotes>
            <SmartDashes>Yes</SmartDashes>
        </TextChecking>
    </Text>
    <FullScreen>
        <ShowRuler>No</ShowRuler>
        <PageLayout Facing="No">No</PageLayout>
        <TypewriterScrolling>Yes</TypewriterScrolling>
    </FullScreen>
    <Editors Primary="Editor1">
        <Editor1>
            <View>
                <ShowHeader>Yes</ShowHeader>
                <ShowFooter>Yes</ShowFooter>
                <GroupsViewMode>Corkboard</GroupsViewMode>
                <CurrentViewMode>Single</CurrentViewMode>
                <SelectionAffects>None</SelectionAffects>
                <Content>
                    <ItemID>70556A23-976F-41C5-91A9-26E764E24172</ItemID>
                </Content>
                <NavigationHistory CurrentIndex="61">
                    <HistoryItem Type="BinderItems" ViewMode="Corkboard">8C06B89B-B97D-4025-88FB-333AA12C228E</HistoryItem>
                    <HistoryItem Type="BinderItems" ViewMode="Single">415D860F-95BA-4039-BF08-990D0E4ECADA</HistoryItem>
                    <HistoryItem Type="BinderItems" ViewMode="Single">69FF5B92-0DC4-4055-8F4B-828F627F1B24</HistoryItem>
                    <HistoryItem Type="BinderItems" ViewMode="Single">678E2775-150C-460E-B9EC-BC9B51DC1B3B</HistoryItem>
                    <HistoryItem Type="BinderItems" ViewMode="Single">E33B3CE4-5A60-459E-9483-62FED9C34F59</HistoryItem>
                    <HistoryItem Type="BinderItems" ViewMode="Single">D1F3BA27-1345-4B4D-A20A-9FDCF725F9FC</HistoryItem>
                    <HistoryItem Type="BinderItems" ViewMode="Single">01AA9297-6D35-46EE-9E7E-7CB595520A0D</HistoryItem>
                    <HistoryItem Type="BinderItems" ViewMode="Single">1156E338-2676-4586-BCC7-9ED847671E46</HistoryItem>
                    <HistoryItem Type="BinderItems" ViewMode="Single">9631B8ED-D178-4B19-A7F2-256AF0D933F6</HistoryItem>
                    <HistoryItem Type="BinderItems" ViewMode="Single">68F9D65E-6044-44F3-86D3-C0135D6ECE51</HistoryItem>
                    <HistoryItem Type="BinderItems" ViewMode="Single">DD581132-0176-45CF-96C3-D9FD4DB018A1</HistoryItem>
                    <HistoryItem Type="BinderItems" ViewMode="Single">51017AB1-BA0C-4EC3-A96C-80F5413BD30F</HistoryItem>
                    <HistoryItem Type="BinderItems" ViewMode="Single">E1C7ABAF-D09B-47D0-98DA-F0336FACFEB9</HistoryItem>
                    <HistoryItem Type="BinderItems" ViewMode="Single">39E585BF-09DF-4D3E-9485-3934E43C8743</HistoryItem>
                    <HistoryItem Type="BinderItems" ViewMode="Single">FE9E2AAB-1814-4C2B-862F-0F4158268F4C</HistoryItem>
                    <HistoryItem Type="BinderItems" ViewMode="Single">3AC6C9BA-9150-48F2-94AA-A80E392576D5</HistoryItem>
                    <HistoryItem Type="BinderItems" ViewMode="Single">40ACF76F-CDA8-4DC0-BAFE-BA346FBDA1B7</HistoryItem>
                    <HistoryItem Type="BinderItems" ViewMode="Single">B63F27A2-9AE8-4BB6-92AF-E1888243B888</HistoryItem>
                    <HistoryItem Type="BinderItems" ViewMode="Single">D0141F32-93AC-411D-A869-C5FF7D8E257B</HistoryItem>
                    <HistoryItem Type="BinderItems" ViewMode="Single">AE1674C6-ABCF-4692-BDFB-B99811DF7E17</HistoryItem>
                    <HistoryItem Type="BinderItems" ViewMode="Single">440338AC-1F9E-442C-A3D4-6CD2C61BF9C6</HistoryItem>
                    <HistoryItem Type="BinderItems" ViewMode="Single">E1E5A307-FC0D-4B51-9B79-B72258329C96</HistoryItem>
                    <HistoryItem Type="BinderItems" ViewMode="Single">8CE6953F-3C7E-49EA-8E5B-201BF65CF372</HistoryItem>
                    <HistoryItem Type="BinderItems" ViewMode="Single">1E68F2C0-93F8-480C-978E-BE7F23D1754B</HistoryItem>
                    <HistoryItem Type="BinderItems" ViewMode="Single">E33B3CE4-5A60-459E-9483-62FED9C34F59</HistoryItem>
                    <HistoryItem Type="BinderItems" ViewMode="Single">D1F3BA27-1345-4B4D-A20A-9FDCF725F9FC</HistoryItem>
                    <HistoryItem Type="BinderItems" ViewMode="Single">69FF5B92-0DC4-4055-8F4B-828F627F1B24</HistoryItem>
                    <HistoryItem Type="BinderItems" ViewMode="Single">678E2775-150C-460E-B9EC-BC9B51DC1B3B</HistoryItem>
                    <HistoryItem Type="BinderItems" ViewMode="Single">E33B3CE4-5A60-459E-9483-62FED9C34F59</HistoryItem>
                    <HistoryItem Type="BinderItems" ViewMode="Single">01AA9297-6D35-46EE-9E7E-7CB595520A0D</HistoryItem>
                    <HistoryItem Type="BinderItems" ViewMode="Single">1156E338-2676-4586-BCC7-9ED847671E46</HistoryItem>
                    <HistoryItem Type="BinderItems" ViewMode="Single">9631B8ED-D178-4B19-A7F2-256AF0D933F6</HistoryItem>
                    <HistoryItem Type="BinderItems" ViewMode="Single">68F9D65E-6044-44F3-86D3-C0135D6ECE51</HistoryItem>
                    <HistoryItem Type="BinderItems" ViewMode="Single">DD581132-0176-45CF-96C3-D9FD4DB018A1</HistoryItem>
                    <HistoryItem Type="BinderItems" ViewMode="Single">51017AB1-BA0C-4EC3-A96C-80F5413BD30F</HistoryItem>
                    <HistoryItem Type="BinderItems" ViewMode="Single">E1C7ABAF-D09B-47D0-98DA-F0336FACFEB9</HistoryItem>
                    <HistoryItem Type="BinderItems" ViewMode="Single">39E585BF-09DF-4D3E-9485-3934E43C8743</HistoryItem>
                    <HistoryItem Type="BinderItems" ViewMode="Single">FE9E2AAB-1814-4C2B-862F-0F4158268F4C</HistoryItem>
                    <HistoryItem Type="BinderItems" ViewMode="Single">3AC6C9BA-9150-48F2-94AA-A80E392576D5</HistoryItem>
                    <HistoryItem Type="BinderItems" ViewMode="Single">40ACF76F-CDA8-4DC0-BAFE-BA346FBDA1B7</HistoryItem>
                    <HistoryItem Type="BinderItems" ViewMode="Single">B63F27A2-9AE8-4BB6-92AF-E1888243B888</HistoryItem>
                    <HistoryItem Type="BinderItems" ViewMode="Single">D0141F32-93AC-411D-A869-C5FF7D8E257B</HistoryItem>
                    <HistoryItem Type="BinderItems" ViewMode="Single">AE1674C6-ABCF-4692-BDFB-B99811DF7E17</HistoryItem>
                    <HistoryItem Type="BinderItems" ViewMode="Single">440338AC-1F9E-442C-A3D4-6CD2C61BF9C6</HistoryItem>
                    <HistoryItem Type="BinderItems" ViewMode="Single">E1E5A307-FC0D-4B51-9B79-B72258329C96</HistoryItem>
                    <HistoryItem Type="BinderItems" ViewMode="Single">8CE6953F-3C7E-49EA-8E5B-201BF65CF372</HistoryItem>
                    <HistoryItem Type="BinderItems" ViewMode="Single">1E68F2C0-93F8-480C-978E-BE7F23D1754B</HistoryItem>
                    <HistoryItem Type="BinderItems" ViewMode="Single">2B1D742C-26C9-46C4-916E-B3674BC6064C</HistoryItem>
                    <HistoryItem Type="BinderItems" ViewMode="Single">1EF79A80-49C5-4658-AC76-B2676A1E3365</HistoryItem>
                    <HistoryItem Type="BinderItems" ViewMode="Single">2B1D742C-26C9-46C4-916E-B3674BC6064C</HistoryItem>
                    <HistoryItem Type="BinderItems" ViewMode="Single">1EF79A80-49C5-4658-AC76-B2676A1E3365</HistoryItem>
                    <HistoryItem Type="BinderItems" ViewMode="Corkboard">8C06B89B-B97D-4025-88FB-333AA12C228E</HistoryItem>
                    <HistoryItem Type="BinderItems" ViewMode="Corkboard">1FF28A36-00ED-4C5B-A717-8B490CD6AC08</HistoryItem>
                    <HistoryItem Type="BinderItems" ViewMode="Corkboard">288115E5-1360-4F30-BE4C-E9AE33E89A61</HistoryItem>
                    <HistoryItem Type="BinderItems" ViewMode="Corkboard">D94B650F-D7DE-4539-A1E1-139575ABC659</HistoryItem>
                    <HistoryItem Type="BinderItems" ViewMode="Corkboard">47AC9F3C-730D-436F-88A0-B45018F3972A</HistoryItem>
                    <HistoryItem Type="BinderItems" ViewMode="Single">2FF7BC60-8AC2-4F9A-BB23-C7C2DF7D2C57</HistoryItem>
                    <HistoryItem Type="BinderItems" ViewMode="Single">415D860F-95BA-4039-BF08-990D0E4ECADA</HistoryItem>
                    <HistoryItem Type="BinderItems" ViewMode="Single">20C5BE21-4EB0-4AA7-B14E-5AE4B10D998D</HistoryItem>
                    <HistoryItem Type="BinderItems" ViewMode="Single">8DA92274-1D74-4C5A-B6B5-DD5DDFD78F9F</HistoryItem>
                    <HistoryItem Type="BinderItems" ViewMode="Single">C4B72719-48D4-473F-9CB7-EC7411B9E316</HistoryItem>
                    <HistoryItem Type="BinderItems" ViewMode="Single">70556A23-976F-41C5-91A9-26E764E24172</HistoryItem>
                </NavigationHistory>
            </View>
            <Text>
                <ShowRuler>No</ShowRuler>
                <PageLayout Facing="No">No</PageLayout>
                <TypewriterScrolling>No</TypewriterScrolling>
                <LineNumbers Interval="1">No</LineNumbers>
                <Selection>95,0</Selection>
            </Text>
            <Outliner>
                <Columns>
                    <ColID>title</ColID>
                    <ColID>label</ColID>
                    <ColID>status</ColID>
                    <ColID>sectionType</ColID>
                    <ColID>totalTargetCount</ColID>
                    <ColID>totalProgress</ColID>
                </Columns>
                <TitlesOnly>No</TitlesOnly>
                <HideIcons>No</HideIcons>
                <ShowNumbers>No</ShowNumbers>
                <KeywordsAsChips>Yes</KeywordsAsChips>
                <FixedRowHeights>No</FixedRowHeights>
            </Outliner>
            <Corkboard>
                <CardsAcross>2</CardsAcross>
                <KeywordChips>5</KeywordChips>
                <SizeCardsToFit>Yes</SizeCardsToFit>
                <CardHeightRatio>0.6666</CardHeightRatio>
                <SectionsArrangement>Wrap</SectionsArrangement>
                <LabelThreadsUseColumns>No</LabelThreadsUseColumns>
            </Corkboard>
            <Copyholder PreferredOrientation="Vertical" VerticalPos="Right" HorizontalPos="Bottom">
                <Text>
                    <ShowRuler>No</ShowRuler>
                    <PageLayout Facing="No">No</PageLayout>
                    <TypewriterScrolling>No</TypewriterScrolling>
                    <LineNumbers Interval="1">No</LineNumbers>
                </Text>
            </Copyholder>
        </Editor1>
        <Editor2>
            <View>
                <ShowHeader>Yes</ShowHeader>
                <ShowFooter>Yes</ShowFooter>
                <GroupsViewMode>Corkboard</GroupsViewMode>
                <CurrentViewMode>Corkboard</CurrentViewMode>
                <SelectionAffects>None</SelectionAffects>
            </View>
            <Text>
                <ShowRuler>No</ShowRuler>
                <PageLayout Facing="No">No</PageLayout>
                <TypewriterScrolling>No</TypewriterScrolling>
                <LineNumbers Interval="1">No</LineNumbers>
                <Selection>0,0</Selection>
            </Text>
            <Outliner>
                <Columns>
                    <ColID>title</ColID>
                    <ColID>label</ColID>
                    <ColID>status</ColID>
                    <ColID>sectionType</ColID>
                    <ColID>totalTargetCount</ColID>
                    <ColID>totalProgress</ColID>
                </Columns>
                <TitlesOnly>No</TitlesOnly>
                <HideIcons>No</HideIcons>
                <ShowNumbers>No</ShowNumbers>
                <KeywordsAsChips>Yes</KeywordsAsChips>
                <FixedRowHeights>No</FixedRowHeights>
            </Outliner>
            <Corkboard>
                <CardsAcross>-1</CardsAcross>
                <KeywordChips>5</KeywordChips>
                <SizeCardsToFit>Yes</SizeCardsToFit>
                <CardHeightRatio>0.6666</CardHeightRatio>
                <SectionsArrangement>Wrap</SectionsArrangement>
                <LabelThreadsUseColumns>No</LabelThreadsUseColumns>
            </Corkboard>
            <Copyholder PreferredOrientation="Vertical" VerticalPos="Right" HorizontalPos="Bottom">
                <Text>
                    <ShowRuler>No</ShowRuler>
                    <PageLayout Facing="No">No</PageLayout>
                    <TypewriterScrolling>No</TypewriterScrolling>
                    <LineNumbers Interval="1">No</LineNumbers>
                </Text>
            </Copyholder>
        </Editor2>
    </Editors>
</UIStates>